,title,score,upvote_ratio,num_comments,author,flair,url
0,"I came across this job offer in DS from McKinsey and only women are allowed to apply. Sexism works both ways, how is this acceptable?",10,0.53,124,Opposite_Interview80,Job Search,https://i.redd.it/evb8ifb3a0y81.jpg
1,Why do we see so many daily posts from people hoping to bypass getting an education?,12,0.53,157,MidMidMidMoon,,https://www.reddit.com/r/datascience/comments/91i1qe/why_do_we_see_so_many_daily_posts_from_people/
2,"I don't understand the value of Data Science, please help me understand",0,0.5,43,pineappleninjas,Discussion,https://www.reddit.com/r/datascience/comments/tcpq0u/i_dont_understand_the_value_of_data_science/
3,This sub is fucking garbage,338,0.66,208,,Meta,https://www.reddit.com/r/datascience/comments/g766dj/this_sub_is_fucking_garbage/
4,An r/datascience equivalent that's female-heavy,0,0.48,31,Hmmmaybewhoknows,Networking,https://www.reddit.com/r/datascience/comments/fkq1ek/an_rdatascience_equivalent_thats_femaleheavy/
5,My New Company Gave Me a $2000+ Laptop for me to Connect to AWS...,143,0.63,94,Playful_Scratch_5026,Fun/Trivia,https://www.reddit.com/r/datascience/comments/wccfj4/my_new_company_gave_me_a_2000_laptop_for_me_to/
6,How do you justify the credibility of machine learning models when they're basically black boxes?,1,0.51,27,WarAndGeese,,https://www.reddit.com/r/datascience/comments/90mgjp/how_do_you_justify_the_credibility_of_machine/
7,Would the real data scientists please stand up?,0,0.48,50,anon_throwaway09557,Discussion,https://www.reddit.com/r/datascience/comments/xx2moe/would_the_real_data_scientists_please_stand_up/
8,Python just isn't worth the hassle,0,0.49,59,,Tooling,https://www.reddit.com/r/datascience/comments/avxufp/python_just_isnt_worth_the_hassle/
9,DS Bootcamp Grads: WTF is your deal?,0,0.44,60,burtlincoln,Discussion,https://www.reddit.com/r/datascience/comments/rwpwxo/ds_bootcamp_grads_wtf_is_your_deal/
