title,upvote,num_comments,author,flair,url
[IMPOSTER SYNDROME RELATED] What are simplest concepts do you not fully understand in Data Science yet you are still a Data Scientist in your job right now?,408,186,limedove,Discussion,https://www.reddit.com/r/datascience/comments/xnjj69/imposter_syndrome_related_what_are_simplest/
"Which podcasts are Data Scientists listening to, and why?",400,154,OkHeat6599,Discussion,https://www.reddit.com/r/datascience/comments/xw6r5k/which_podcasts_are_data_scientists_listening_to/
"Hypothesis testing - Why ""Fail to reject null hypothesis"" instead of ""Accepting Alternative Hypothesis"" ?",276,143,jaegarbong,Discussion,https://www.reddit.com/r/datascience/comments/xgigfk/hypothesis_testing_why_fail_to_reject_null/
"""Do I need to know {insert advanced math} to get a Data Science job?"" [Rant]",407,138,bikeskata,Discussion,https://www.reddit.com/r/datascience/comments/xpe6bi/do_i_need_to_know_insert_advanced_math_to_get_a/
"As a data scientist, what is your most proud contribution to your team or company?",352,124,Miriel18,Discussion,https://www.reddit.com/r/datascience/comments/xypfy4/as_a_data_scientist_what_is_your_most_proud/
Predatory Data Science IT Companies,521,92,naz115,Discussion,https://www.reddit.com/r/datascience/comments/xxmctx/predatory_data_science_it_companies/
Can we stop gate keeping this field?,266,84,pizzagarrett,Discussion,https://www.reddit.com/r/datascience/comments/xy6x8p/can_we_stop_gate_keeping_this_field/
Is data science a bad career long-term?,222,74,therockhound,Discussion,https://www.reddit.com/r/datascience/comments/xjl1f6/is_data_science_a_bad_career_longterm/
How to Data Science,325,50,takenorinvalid,Discussion,https://www.reddit.com/r/datascience/comments/xm8osk/how_to_data_science/
Leaked transcript from the meeting where RegEx was invented,571,32,takenorinvalid,Discussion,https://www.reddit.com/r/datascience/comments/xl9zc1/leaked_transcript_from_the_meeting_where_regex/
